review,label
PRIALT,1
EMEA / H / C / 551,0
Qu ’ est ce que Prialt ?,1
"Prialt est une solution pour perfusion contenant le principe actif ziconotide , à des concentrations de 100 ou 25 microgrammes par millilitre .",1
Dans quel cas Prialt est - il utilisé ?,1
"Prialt est indiqué pour le traitement des douleurs intenses , chroniques ( de long terme ) chez les patients nécessitant une analgésie intrarachidienne ( injection dans l ’ espace qui entoure la moelle épinière et le cerveau ) .",1
"Comme le nombre de patients souffrant de douleurs chroniques nécessitant une analgésie intrarachidienne ( analgésiques injectés directement dans la moelle ) est limité , la maladie est considérée comme « rare » et Prialt a reçu la désignation de « médicament orphelin » ( médicament utilisé pour les maladies rares ) le 9 juillet 2001 .",1
Comment Prialt est - il utilisé ?,1
Le traitement par Prialt ne doit être réalisé que par un médecin ayant l ’ expérience de l ’ administration de médicaments par voie intrarachidienne .,1
Prialt doit être administré en perfusion continue très lente par l ’ intermédiaire d ’ un cathéter intrarachidien ( tube inséré dans le canal rachidien ) avec une pompe à perfusion pouvant délivrer un volume de perfusion précis .,1
"Lorsque les doses nécessaires de Prialt sont faibles , par exemple au début du traitement , il peut s",1
"La dose peut être augmentée par intervalles de 1 à 2 jours , voire plus , pour obtenir le meilleur équilibre entre le soulagement de la douleur et les effets indésirables éventuels .",1
"La plupart des patients nécessitent des doses inférieures à 9 , 6 microgrammes par jour .",1
"La dose quotidienne maximale est de 21 , 6 microgrammes par jour .",0
Prialt ne doit pas être utilisé chez l ’ enfant .,1
Comment Prialt fonctionne - t - il ?,1
"Le principe actif de Prialt , le ziconotide , est une copie d ’ une substance naturelle , un oméga - conopeptide , extraite du venin d ’ un type de limace de mer .",1
Le ziconotide agit en se fixant à des canaux spéciaux ( les canaux calciques ) à la surface des cellules nerveuses qui transmettent les signaux de la douleur .,1
"En bloquant le flux de calcium dans les cellules nerveuses , le ziconotide interfère avec la transmission des signaux de douleur dans la moelle et permet de soulager la douleur .",1
"La troisième étude portait sur l ’ utilisation du médicament pendant 3 semaines chez des patients adultes atteints de douleurs intenses , chroniques .",1
"Dans les trois études , la principale mesure d ’ efficacité était le changement du score d ’ intensité de la douleur sur l ’ échelle visuelle analogique ( EVA ) .",1
Quels ont été les bénéfices démontrés par Prialt au cours des études ?,1
Prialt a été plus efficace que le placebo dans les deux premières études .,1
"Avant le traitement , les patients avaient des scores d ’ intensité de la douleur sur l",1
"Les effets indésirables les plus courants ( observés chez plus d ’ un patient sur 10 ) sont un état confusionnel , des sensations vertigineuses , un nystagmus ( mouvement oculaire incontrôlé ) , des troubles mnésiques ( perte de mémoire ) , des céphalées , une somnolence ( endormissement ) , un flou visuel , des nausées ( mal au c œ ur ) , des vomissements , des troubles de la démarche ( difficulté pour marcher ) et une asthénie ( faiblesse ) .",1
"Pour une description complète des effets indésirables observés sous Prialt , veuillez vous reporter à la notice .",1
Prialt ne doit pas être utilisé chez les patients pouvant présenter une hypersensibilité ( allergie ) au ziconotide ou à l ’ un des autres ingrédients .,1
Prialt ne doit pas être utilisé chez des patients sous chimiothérapie intrarachidienne ( anti - cancéreux injectés dans le canal rachidien ) .,1
Pourquoi Prialt a - t - il été approuvé ?,1
"Le comité des médicaments à usage humain ( CHMP ) a estimé que Prialt était une alternative aux autres analgésiques intrarachidiens , comme les opioïdes .",1
Quelles sont les informations que l ’ on attend encore au sujet de Prialt ?,1
"La société qui fabrique Prialt réalise actuellement une étude sur l ’ utilisation à long terme du médicament , portant en particulier sur la possibilité d ’ un développement de la tolérance au traitement ( lorsque des doses d ’ un médicament qui étaient efficaces deviennent au fur et à mesure moins efficaces ) .",1
Autres informations relatives à Prialt :,1
Le dossier de désignation de Prialt comme médicament orphelin est disponible à l ’ adresse suivante : ici .,1
L ’ EPAR complet est disponible à l ’ adresse suivante : ici .,0
Prialt,1
1 ml ( 100 μ g / ml ),0
2 ml ( 100 μ g / ml ),0
5 ml ( 100 μ g / ml ),0
25 μ g / ml,0
20 ml ( 25 μ g / ml ),0
"Prialt 100 microgrammes / ml , solution pour perfusion .",1
Un ml de solution contient 100 μ g de ziconotide ( sous forme d,1
"Solution transparente et incolore , exempte de particules visibles .",1
"Le ziconotide est indiqué pour le traitement des douleurs intenses , chroniques chez les patients nécessitant une analgésie intrarachidienne .",1
Le traitement par ziconotide ne doit être réalisé que par des médecins ayant l ’ expérience de l ’ administration de médicaments par voie intrarachidienne .,1
Prialt est exclusivement destiné à l,1
Adultes ( y compris sujets âgés ≥ 65 ans ),1
"Le traitement par ziconotide doit être instauré à la dose de 2 , 4 µ g / jour et peut ensuite être adapté en fonction de la réponse analgésique du patient et de la survenue d ’ événements indésirables .",1
"Environ 75 % des patients répondant de façon satisfaisante au traitement nécessitent une posologie ≤ 9 , 6 μ g / jour .",1
"Le risque de méningite secondaire étant plus élevé lors de l ’ utilisation prolongée d ’ un cathéter sous - arachnoïdien avec système de perfusion externe , les systèmes implantés sont préconisés pour l ’ administration de ziconotide pendant des périodes prolongées .",1
Un système de cathéter externe ne sera utilisé que lorsqu ’ un système interne ne peut pas être implanté .,1
Prialt ne doit pas être utilisé chez l ’ enfant en dessous de 18 ans suite à un manque de données concernant la sécurité et l ’ efficacité .,1
"Bien que l ’ efficacité et la sécurité d ’ emploi à long terme du ziconotide ait été étudié au cours d ’ essais cliniques en ouvert , aucun essai contrôlé d ’ une durée supérieure à trois semaines n ’ a été réalisé ( voir rubrique 5 . 1 ) .",1
La possibilité d ’ effets toxiques locaux à long terme au niveau de la moelle épinière n ’ est pas exclue et les données précliniques disponibles sont limitées ( voir rubrique 5 . 3 ) .,1
La prudence s ’ impose donc lors d ’ un traitement au long cours .,1
Les patients et les médecins doivent être vigilants concernant l ’ apparition de symptômes et signes typiques de méningite .,1
Le positionnement intrathécal optimal du cathéter n ’ a pas été établi .,1
"Le positionnement du cathéter à un niveau plus bas , ex . au niveau lombaire , pourrait peut - être diminuer les réactions neurologiques indésirables liées au ziconotide .",1
Le positionnement du cathéter doit donc être évalué soigneusement pour permettre un accès adéquat aux segments nociceptifs rachidiens tout en diminuant les concentrations de médicament au niveau cérébral .,1
"Le nombre de patients ayant reçu une chimiothérapie systémique et le ziconotide par voie intrarachidienne étant faible , la prudence s",1
"Des élévations de la créatine phosphokinase ( CPK ) , généralement asymptomatiques , sont fréquentes chez les patients traités par ziconotide par voie intrarachidienne .",1
"Une élévation progressive de la créatine phosphokinase est , en revanche , peu fréquente .",1
Une surveillance des taux de créatine phosphokinase est toutefois recommandée .,1
"Des réactions indésirables cognitives et neuropsychiatriques , en particulier une confusion , ont été fréquemment décrites chez les patients sous ziconotide .",1
Les troubles cognitifs apparaissent typiquement après plusieurs semaines de traitement .,1
"Des épisodes de troubles psychiatriques aigus , tels que hallucinations , réactions paranoïdes , hostilité , délire , psychose et réactions maniaques ont été rapportés chez des patients traités par le ziconotide .",1
Des patients ont présenté des troubles de la conscience sous ziconotide .,1
La réintroduction du ziconotide est déconseillée chez ces patients .,1
"Chez les patients présentant des douleurs chroniques intenses , la fréquence des suicides et des tentatives de suicide est plus élevée que dans la population générale .",1
"Le ziconotide peut provoquer ou aggraver une dépression , avec un risque de suicide chez certains patients .",1
Aucune étude clinique spécifique sur les interactions médicamenteuses n,1
"Toutefois , en raison des faibles concentrations plasmatiques du ziconotide , de son métabolisme assuré par des peptidases ubiquitaires et de sa fixation relativement faible aux protéines plasmatiques ( voir rubrique 5 . 2 ) , les interactions médicamenteuses liées au métabolisme ou au déplacement des sites de fixation protéique sont peu probables entre le ziconotide et d ’ autres médicaments .",1
"Le nombre de patients ayant reçu une chimiothérapie systémique et le ziconotide par voie intrarachidienne étant faible , la prudence s",1
Les médicaments interférant avec des peptidases / protéases spécifiques ne devraient pas agir sur les concentrations plasmatiques du ziconotide .,1
Le ziconotide ne doit pas être utilisé pendant la grossesse sauf en cas de nécessité absolue .,1
La sécurité d ’ emploi du ziconotide administré en perfusion intrarachidienne continue a été évaluée chez plus de 1400 patients participant à des études cliniques évaluant la douleur aiguë et chronique .,1
La durée du traitement est allée d ’ une heure de perfusion en bolus à une utilisation continue de plus de 6 ans .,1
"Dans les études cliniques , 88 % des patients ont présenté des effets indésirables .",1
"Les effets indésirables les plus fréquemment rapportés dans les études cliniques à long terme ont été les suivants : sensations vertigineuses ( 42 % ) , nausées ( 30 % ) , nystagmus ( 23 % ) , état confusionnel ( 25 % ) , troubles de la démarche ( 16 % ) , troubles mnésiques ( 13 % ) , flou visuel ( 14 % ) , céphalées ( 12 % ) , asthénie ( 13 % ) , vomissements ( 11 % ) et somnolence ( 10 % ) .",1
La plupart de ces effets étaient d ’ intensité légère à modérée et ont disparu avec le temps .,1
Tous les effets indésirables décrits dans les études cliniques au cours desquelles le ziconotide a été administré par voie intrarachidienne ( administration à court et long termes ) sont présentés ci - dessous par ordre de fréquence .,1
"Fréquents : anxiété , hallucinations auditives , insomnie , agitation , désorientation , hallucination , hallucinations visuelles , dépression , paranoïa , irritabilité , dépression aggravée , nervosité , labilité émotionnelle , modifications de l",1
"Peu fréquents : délire , troubles psychotiques , idées suicidaires , tentative de suicide , blocage de la pensée , rêves anormaux ,",1
Affections du système nerveux,1
"Très fréquents : sensations vertigineuses , nystagmus , troubles mnésiques , céphalées , somnolence",1
"Peu fréquents : incohérence , perte de conscience , coma , stupeur , convulsions , accident vasculaire cérébral , encéphalopathie",1
"Fréquents : diplopie , troubles de la vision , photophobie",1
"Fréquents : vertige , acouphènes",1
"Fréquents : hypotension orthostatique , hypotension",1
"Fréquents : diarrhée , sécheresse buccale , constipation , aggravation des nausées , douleurs abdominales hautes",1
"Fréquents : prurit , hypersudation",1
"Fréquents : douleurs dans les membres , myalgie , spasmes musculaires , crampes musculaires , faiblesse musculaire , arthralgie , œ dèmes périphériques",1
"Peu fréquents : rhabdomyolyse , myosite , dorsalgies , clonies , cervicalgies",1
Affections du rein et des voies urinaires,1
Peu fréquents : insuffisance rénale aiguë,1
"Très fréquents : anomalies de la démarche , asthénie",1
"Fréquents : fatigue , pyrexie , léthargie , œ dèmes périphériques , frissons , chutes , douleurs thoraciques , sensation de froid , sensation d",1
"Fréquents : augmentation des taux sanguins de créatine phosphokinase , diminution du poids",1
"Peu fréquents : électrocardiogramme anormal , aspartate aminotransférase , créatine phosphokinase MM , augmentation de la température corporelle",1
"Des commentaires spécifiques et des recommandations de prudence concernant la méningite , l ’ élévation des taux de créatine phosphokinase et les effets indésirables sur le SNC figurent à la rubrique 4 . 4 .",1
"Dans les études de perfusion intraveineuse , des volontaires sains de sexe masculin ont reçu le ziconotide à des doses atteignant 70 000 µ g / jour ou 3 , 200 fois la dose journalière maximale recommandée par voie intrarachidienne .",1
Une hypotension orthostatique a été observée chez presque tous les sujets ayant reçu de fortes doses intraveineuses de ziconotide .,1
"La posologie maximale recommandée par voie intrarachidienne est de 21 , 6 µ g / jour .",1
"Dans les études cliniques , la dose maximale prévue de ziconotide administré par voie intrarachidienne était de 912 µ g / jour après une augmentation posologique sur 7 jours .",1
La plupart des patients sous observation ont récupéré dans les 24 heures suivant l,1
"L ’ Agence européenne du médicament ( EMEA ) réévaluera chaque année toute nouvelle information qui pourrait être fournie , et si nécessaire cet RCP sera mis à jour .",1
De nombreux patients répondant au traitement obtiennent une analgésie quasi - maximale dans les heures suivant l,1
"Si nécessaire , la posologie peut être diminuée sans limitation de dose ( avec possibilité éventuelle d",0
"Les effets indésirables neurologiques , notamment les sensations vertigineuses , les nausées et les troubles de la démarche semblent corrélées avec les concentrations céphalo - rachidiennes mais aucune relation définitive n",1
"Pour limiter la survenue d ’ effets indésirables graves , il est recommandé de ne pas dépasser 21 , 6 µ g / jour .",1
"Cependant , dans les études cliniques , on a observé que les patients qui tolèrent des doses de 21 , 6 µ g / jour après une augmentation progressive des",1
"8 doses pendant une période de 3 à 4 semaines , tolèrent généralement des doses plus élevées , pouvant atteindre 48 , 0 µ g / jour .",1
"Toutefois , compte tenu des données limitées disponibles , l ’ apparition d ’ une accoutumance ne peut être exclue .",1
La perméabilité du cathéter intrarachidien doit être examinée en cas de nécessité d ’ une augmentation continue des doses de ziconotide n,1
Trois études cliniques du ziconotide intrarachidien contrôlées contre placebo ont été réalisées .,1
"Score EVA moyen à la fin du titrage de doses initial , en mm ( ET )",1
_,0
Répondeursa n ( % ) Dose en fin de titrage de doses ( μ g / h ),0
Placebo ( n = 86 ),1
"L ’ étiologie de la douleur dans les études 95 - 001 ( douleur cancéreuse ) et 96 - 002 ( douleur non cancéreuse ) variait , incluant des douleurs osseuses ( n = 380 ) , due principalement à des métastases osseuses ( n = 34 ) , une myélopathie ( n = 38 ) , dont la moitié présentait un traumatisme médullaire avec paralysie ( n = 19 ) , neuropathie ( n = 79 ) , radiculopathie ( n = 24 ) , douleur médullaire ( n = 91 ) due principalement à l ’ échec d ’ une intervention chirurgicale au niveau dorsal ( n = 82 ) et autres étiologies ( n = 82 ) .",1
Certains patients présentaient plusieurs causes de douleur .,1
Le critère de jugement principal était le pourcentage de changement sur l ’ EVA .,1
L ’ efficacité de l ’ administration intrarachidienne de ziconotide dans l ’ étude 301 était plus faible que dans les deux études précédentes à court terme .,1
La fréquence et la sévérité des effets indésirables étaient également plus faibles .,1
Ziconotide ( n = 112 ),1
Placebo ( n = 108 ),1
"Les paramètres pharmacocinétiques plasmatiques ont également été étudiés après administration intraveineuse ( 0 , 3 – 10 μ g / kg / 24 h ) .",1
Paramètres pharmacocinétiques du ziconotide dans le plasma et le LCR [ moyenne ± ET ( médiane ) ],1
Matrice,0
Vd ( ml ),0
t ½ ( h ),0
liquide,1
Intraveineuse,0
Plasma,1
CL = clairance ; Vd = volume de distribution ; t ½ = demi - vie,1
"Après administration intrarachidienne pendant une heure ( 1 – 10 µ g ) , les concentrations cumulées ( SSC ; extrêmes :",1
"83 , 6 – 608 ng / h / ml ) et les concentrations maximales ( Cmax ; extrêmes :",0
Aucune accumulation plasmatique du ziconotide après administration intrarachidienne à long terme ( jusqu,1
Le ziconotide est un peptide constitué de 25 acides aminés naturels en configuration L et il ne semble pas être métabolisé de façon quantifiable dans le LCR .,1
Les acides aminés libres générés sont probablement captés par des systèmes de transport cellulaires et soumis ultérieurement au métabolisme intermédiaire habituel ou utilisés comme substrats pour des processus de biosynthèse constitutive .,1
"La CL moyenne du ziconotide ( 0 , 38 ml / min ) est proche du débit de renouvellement du LCR chez l",1
Populations particulières :,1
"Bien que les données disponibles soient en nombre limité , aucun effet en fonction de la race , l de la taille , du poids , du sexe ou de l",1
Ces effets ont été définis par des actions pharmacologiques amplifiées du ziconotide et non par des lésions neurotoxiques ou une toxicité dirigée contre des organes cibles .,1
"Les observations ont inclus des effets neurologiques transitoires et réversibles , à type de tremblements , incoordination des mouvements et hyper - ou hypoactivité .",1
Les modifications éventuelles de la transmission des signaux neurologiques chez l,1
Méthionine Chlorure de sodium Eau pour solution injectable Acide chlorhydrique ( ajustement du pH ) Hydroxyde de sodium ( ajustement du pH ),1
La stabilité physico - chimique du produit après première ouverture a été démontrée pendant 60 jours à 37 C .,1
"Du point de vue microbiologique , si le produit est dilué , il doit être transféré immédiatement dans la pompe de perfusion .",1
"Flacons en verre de type I à usage unique , avec bouchon en caoutchouc butylique recouverts de polymère fluoré .",1
"Chaque flacon contient 1 , 2 ou 5 ml de solution pour perfusion .",1
"Si une dilution est nécessaire , elle doit être effectuée de façon aseptique avec une solution de chlorure de sodium à 9 mg / ml ( 0 , 9 % ) pour solution injectable sans conservateurs , avant utilisation .",1
La concentration de la solution utilisée dans la pompe à perfusion ne doit pas être inférieure à 5 µ g / ml de ziconotide dans une pompe externe et à 25 μ g / ml dans une pompe interne .,1
Des conditions aseptiques strictes doivent être respectées pendant la préparation et la manipulation de la solution pour perfusion et le remplissage de la pompe .,1
Le patient et le personnel soignant doivent être familiarisés avec la manipulation du système de pompe externe ou interne et être conscients de la nécessité absolue d,1
"Aux concentrations indiquées ci - dessus , Prialt est compatible chimiquement et physiquement avec la pompe implantable Synchromed et la pompe externe micro - CADD .",1
Le produit doit donc être remplacé au bout de 14 jours après remplissage initial de la pompe .,1
Prialt s ’ est avéré stable pendant 60 jours à 37 C dans une pompe Synchromed déjà exposée au médicament .,1
"Dans la pompe CADD - Micro , le produit reste stable pendant 21 jours à température ambiante .",1
"Par conséquent , après une première utilisation de Prialt , le réservoir doit être vidé et rempli à nouveau au bout de 14 jours .",1
"Par la suite , la pompe peut être remplie et vidée tous les 60 jours .",1
14 Prialt est une solution limpide et incolore .,1
La solution ne doit pas être utilisée si elle est colorée ou trouble ou en cas de présence de particules .,1
Tout produit inutilisé doit être éliminé conformément aux réglementations locales .,1
"Eisai Ltd . , 3 Shortlands London W6 8EE Royaume - Uni",1
Des informations détaillées sur ce médicament sont disponibles sur le site internet de l ’ Agence européenne du médicament ( EMEA ) www . emea . europa . eu,1
"Prialt 25 microgrammes / ml , solution pour perfusion .",1
Un ml de solution contient 25 μ g de ziconotide ( sous forme d,1
"Des réactions indésirables cognitives et neuropsychiatriques , en particulier une confusion , ont été fréquemment décrites chez les patients sous ziconotide .",1
"Des épisodes de troubles psychiatriques aigus , tels que hallucinations , réactions paranoïdes , hostilité , délire , psychose et réactions maniaques ont été rapportés chez des patients traités par le ziconotide .",1
4 . 6 Grossesse et allaitement,1
Affections du rein et des voies urinaires,1
6 . 5 Nature et contenu de l ’ emballage extérieur,1
Chaque flacon contient 20 ml de solution pour perfusion .,1
Eisai Manufacturing Limited European Knowledge Centre Mosquito Way Hatfield Herts AL10 9SN Royaume - Uni,1
Un registre patients sera mis en place chez les patients traités après commercialisation de PRIALT ( PRIME ) .,1
"Ce registre permettra de recueillir des données sur l ’ efficacité et la sécurité d ’ emploi du ziconotide en administration intrathécale au long cours , chez des patients présentant des douleurs intenses chroniques cancéreuses ou non .",1
"L ’ analyse de l ’ évolution de l ’ état des patients sera effectuée en fonction de l ’ étiologie ( cancéreuse ou non ) , du mécanisme ( neuropathique ou non ) et de l ’ intensité de la douleur ( score EVA initial supérieur ou inférieur à 50 mm ) .",1
"Ce registre permettra d ’ obtenir des données d ’ utilisation du ziconotide , notamment pour ce qui concerne le schéma posologique optimal et le délai d ’ apparition d ’ une accoutumance éventuelle .",1
"L ’ utilisation du ziconotide en association avec la morphine ou le baclofène , ou d ’ autres médicaments , la qualité de vie et les effets indésirables observés seront également analysés .",1
Les inclusions se poursuivront jusqu ’ à un total d ’ au moins 150 patients .,1
"Au moment de la réévaluation annuelle , le titulaire de l ’ autorisation de mise sur le marché devra fournir , la mise à jour de l ’ état d ’ avancement des inclusions au registre PRIME , ainsi que les analyses intermédiaires .",1
Cette étude a débuté en mars 2008 .,1
"Le titulaire de l ’ autorisation de mise sur le marché devra soumettre un rapport d ’ étude final au CHMP et à la lumière des résultats obtenus , envisager la nécessité de modifier le RCP de médicament .",1
"Prialt 100 microgrammes / ml , solution pour perfusion , ziconotide",1
1 ml :,0
Chaque ml de solution contient 100 microgrammes de ziconotide ( sous forme d,1
2 ml :,0
Chaque ml de solution contient 100 microgrammes de ziconotide ( sous forme d,1
5 ml :,0
Chaque ml de solution contient 100 microgrammes de ziconotide ( sous forme d,1
"méthionine , chlorure de sodium , eau pour préparation injectable , acide chlorhydrique et hydroxyde de sodium .",1
1 ml ( 1 x 1 ml flacon ),1
2 ml ( 1 x 2 ml flacon ),1
5 ml ( 1 x 5 ml flacon ),1
Uniquement par voie intrarachidienne,1
3 Shortlands London W6 8EE Royaume - Uni,1
Prialt 100 μ g / ml,1
Perfusion intrarachidienne,1
"Prialt 25 microgrammes / ml , solution pour perfusion , ziconotide",1
"Chaque ml de solution contient 25 microgrammes de ziconotide ( sous forme d ’ acétate ) , ( 500 microgrammes par flacon ) ,",1
20 ml ( 1 x 20 ml flacon ),1
Prialt 25 μ g / ml,1
"- Si vous avez toute autre question , si vous avez un doute , demandez plus d",0
"Prialt contient une substance appelée ziconotide , qui appartient à un groupe de médicaments dénommés antalgiques ou",1
Prialt est utilisé pour le traitement des douleurs chroniques lorsque le traitement en cours n,1
"douleur ou écoulement , vous devez le signaler immédiatement à votre médecin qui vous prescrira un traitement contre l",1
conseil à votre médecin aussi rapidement que possible car cette augmentation de sensibilité peut être un premier signe d,1
"fatigue , confusion , sensation de malaise , vomissements ou évanouissements , vous avez peut - être",1
Prialt ne doit pas être utilisé pendant la grossesse à moins d,1
Demandez conseil à votre médecin si vous devez conduire un véhicule ou utiliser une machine .,1
COMMENT UTILISER PRIALT,1
Votre médecin discutera avec vous du type de pompe le mieux adapté pour vous et du rythme de remplissage de la pompe .,1
"La dose maximale est de 21 , 6 microgrammes / jour .",0
"Au début du traitement , le médecin pourra augmenter la dose tous les 1 à 2 jours ou plus .",1
"Si nécessaire , le traitement pourra être diminué ou interrompu si les effets indésirables sont trop importants .",1
"Il est possible que votre médecin , avant d ’ administrer Prialt , décide d ’ arrêter de vous administrer des opiacés dans l ’ espace entourant votre moelle épinière et qu ’ il les remplace par d ’ autres médicaments contre la douleur .",1
COMMENT CONSERVER PRIALT,1
Conserver au réfrigérateur dans un flacon non ouvert ( 2 ° C – 8 ° C ) .,1
Que contient Prialt,1
La substance active est le ziconotide .,1
Un ml de solution contient 100 microgrammes de ziconotide ( sous forme d,1
Un flacon de 1 ml contient 100 microgrammes ; un flacon de 2 ml contient 200 microgrammes ;,1
"Les autres composants sont les suivants : méthionine , chlorure de sodium , eau pour préparations injectables , acide chlorhydrique et hydroxyde de sodium .",1
"Prialt est fourni en conditionnements contenant un seul flacon de 1 ml , 2 ml ou 5 ml .",1
Č eská republika Eisai GmbH Tel : + 420 602 311 962,0
Malta Associated Drug Company Ltd Tel : + 356 ( 0 ) 227 780 00,0
Ε λ λ ά δ α Arriani Pharmaceuticals Τ η λ : + 30 ( 0 ) 210 668 3000,0
"Portugal EF - Eisai Farmacêutica , Unipessoal Lda Tel : + 351 214 875 540",1
Slovenská republika Eisai GmbH Tel : + 420 602 311 962,0
La dernière date à laquelle cette notice a été approuvée est { MM / AAAA } .,1
Cela signifie que à cause de la rareté de cette maladie il est impossible d ’ obtenir des informations complètes sur ce médicament .,1
Prialt est fourni sous forme de solution limpide et incolore dans des flacons à usage unique .,1
Un flacon de 20 ml contient 500 microgrammes .,1
Prialt est fourni en conditionnements contenant un seul flacon de 20 ml .,1
EMEA / H / C / 122,0
REFLUDAN,1
Qu ’ est - ce que Refludan ?,1
"Refludan se présente sous forme de poudre , conditionnée en flacon , à faire dissoudre pour obtenir une solution injectable ou perfusable ( goutte - à - goutte dans une veine ) .",1
Son principe actif est la lépirudine .,1
Dans quels cas Refludan est - il utilisé ?,1
"Refludan est utilisé pour prévenir la coagulation chez les patients atteints de thrombocytopénie induite par l ’ héparine ( dite TIH – il s ’ agit d ’ une certaine forme d ’ allergie vis - à - vis de l ’ héparine , qui se traduit par une carence de plaquettes sanguines ou une formation de caillots dans les vaisseaux sanguins ) et de maladie thromboembolique ( développement anormal de caillots de sang ) nécessitant un traitement antithrombotique par injection , généralement de l ’ héparine .",1
"Le diagnostic doit être confirmé par des tests spécifiques , tels que le test HIPAA ( heparin induced platelet aggregation assay ) d ’ activation plaquettaire induite par l ’ héparine .",1
Comment Refludan est - il utilisé ?,1
Refludan est administré par injection et par perfusion intraveineuse ( goutte - à - goutte dans une veine ) .,1
Le traitement par Refludan doit être initié sous le contrôle d ’ un médecin ayant une expérience dans le traitement de la coagulation ( formation de caillots sanguins ) .,1
"La dose recommandée est de 0 , 4 mg / kg de poids corporel administrée en une seule injection intraveineuse , suivie de 0 , 15 mg / kg de poids corporel par heure en perfusion intraveineuse continue pendant 2 à 10 jours , voire davantage si nécessaire .",1
Les doses doivent être réduites chez les patients souffrant de troubles rénaux .,1
Comment Refludan fonctionne - t - il ?,1
"La lépirudine , principe actif de Refludan , est quasiment identique à l ’ hirudine , substance anticoagulante produite par les sangsues .",1
La lépirudine est fabriquée par une levure ayant reçu un gène ( ADN ) qui la rend apte à produire cette substance .,1
"La lépirudine bloque spécifiquement l ’ une des substances impliquées dans le processus de coagulation , la thrombine .",1
Celle - ci se trouve au centre du processus complexe de la coagulation sanguine .,1
"Refludan réduit fortement le risque de coagulation , prévenant ainsi les dommages subséquents .",1
Refludan a été étudié au cours de deux essais regroupant 198 patients .,1
"Les études se sont penchées sur les décès , les amputations et les nouvelles complications thromboemboliques ( coagulation ) .",1
Quels bénéfices ont été démontrés par Refludan au cours des études ?,1
"Dans la comparaison avec les témoins historiques , les deux essais pris dans leur ensemble ont révélé les effets significativement bénéfiques de Refludan sur le taux des nouvelles complications thromboemboliques et en termes d ’ amélioration des conditions de survie .",1
Quels sont les risques associés à Refludan ?,1
"À l ’ instar d ’ autres médicaments antithrombotiques , l ’ effet secondaire le plus fréquemment rapporté de Refludan ( constaté chez plus d ’ un patient sur dix ) est le saignement .",1
Un tel saignement conduisant au décès est rapporté chez approximativement un patient sur 100 .,1
"Pour une description complète des effets indésirables observés sous Refludan , veuillez vous reporter à la notice .",1
Pourquoi Refludan a - t - il été approuvé ?,1
"Du fait qu ’ il s ’ agit d ’ une maladie très grave et qu ’ il n ’ existe pas d ’ autre traitement efficace , le comité des médicaments à usage humain ( CHMP ) a considéré que les bénéfices du Refludan sont supérieurs à ses risques pour le traitement des patients souffrant de thrombocytopénie induite par l ’ héparine et de maladie thromboembolique .",1
"Il a , dès lors , recommandé l ’ octroi d ’ une autorisation de mise sur le marché pour Refludan .",1
Autres informations relatives à Refludan :,1
"Le 13 mars 1997 , la Commission européenne a délivré une autorisation de mise sur le marché valable dans toute l ’ Union européenne pour Refludan .",1
"Pour consulter l ’ EPAR complet relatif à Refludan , veuillez cliquer ici .",1
"Refludan , 20 mg , poudre pour solution injectable ou pour perfusion",1
Chaque flacon contient 20 mg de lépirudine .,1
( La lépirudine est un produit ADN recombinant dérivé de cellules de levure ),1
Poudre pour solution injectable ou pour perfusion .,1
Poudre lyophilisée blanche à presque blanche .,1
Posologie initiale,0
Inhibition de la coagulation chez des patients adultes atteints d,1
La posologie dépend du poids corporel du patient jusqu,1
"Chez les patients pesant plus de 110 kg , la posologie ne doit pas dépasser celle calculée pour les patients pesant 110 kg ( voir aussi tableaux 2 et 3 ci - après ) .",1
Surveillance du traitement par Refludan et modification du schéma posologique,1
EMEA / H / C / 122,0
Recommandations standard,0
"Comme la lépirudine est excrétée et métabolisée en quasi - totalité par le rein ( voir également la rubrique 5 . 2 ) , il est nécessaire de connaître l",1
Les recommandations posologiques suivantes sont basées sur les résultats d,0
"Dans tous les autres cas , les ajustements posologiques seront basés sur la créatininémie .",1
La vitesse de perfusion doit être réduite selon les indications données dans le tableau 1 .,1
Une surveillance plus fréquente du TCA est obligatoire .,1
Reconstituer la solution comme il est indiqué en rubrique 6 . 6 .,1
Bolus intraveineux initial :,1
Le bolus intraveineux est préparé avec une solution dosée à 5 mg / ml .,1
"pour une posologie de 0 , 2 mg / kg de poids corporel",1
4 La perfusion intraveineuse est préparée avec une solution dosée à 2 mg / ml .,1
La vitesse ( ml / h ) de la seringue électrique doit être réglée en fonction du poids corporel .,1
Débit de perfusion ( ml / h ) pour une posologie de,1
Des réactions anaphylactiques d ’ évolution fatale ont été rapportées lors d ’ une ré - exposition au Refludan .,1
"Aussi , avant toute ré - exposition au Refludan , une autre alternative thérapeutique devra avoir été envisagée et discutée .",1
"Ces réactions étant de type immunologique , les patients précédemment traités par l ’ hirudine ou un analogue de l ’ hirudine devront être considérés comme des patients à risque .",1
Il peut s ’ avérer nécessaire d ’ exclure les insuffisants rénaux du traitement par lépirudine .,1
Une cirrhose du foie peut également affecter l ’ excrétion rénale de la lépirudine .,1
La tolérance et l ’ efficacité chez l ’ enfant n ’ ont pas été démontrées . • Patient âgé :,1
Les patients d ’ un âge avancé présentent un risque accru de complications hémorragiques avec les anticoagulants .,1
Aucun ajustement spécifique de la posologie n ’ est fait chez le sujet âgé .,1
"Ces ajustements sont basés sur la fonction rénale , le poids et le TCA ( voirrubrique 4 . 2 ) .",1
Un traitement concomittant par des dérivés coumariniques ( antivitamines K ) ainsi que par des médicaments qui affectent la fonction plaquettaire peuvent également accroître le risque de saignement .,1
"Par conséquent , Refludan ne doit pas être administré à la femme enceinte ou qui allaite .",1
Les cas de saignements menaçant le pronostic vital ( incluant les saignements intracrâniens ) ont été peu fréquents (,1
Un surdosage est susceptible de majorer le risque hémorragique .,1
"Agent antithrombotique – inhibiteur direct de la thrombine , code ATC :",1
"La lépirudine ( [ Leu1 , Thr2 ] - 63 - désulfohirudine ) est une hirudine recombinante dérivée de cellules de levure ) .",1
"Ce polypeptide , composé de 65 acides aminés , a un poids moléculaire de 6 979 , 5 Daltons .",1
La lépirudine est un inhibiteur direct et hautement spécifique de la thrombine .,1
Son activité se mesure par une méthode chromogénique .,1
"De ce fait , tous les tests de coagulation thrombine - dépendants sont modifiés ; par exemple , le TCA s",1
Les informations cliniques à propos des TIH de type II présentées dans ce RCP reposent sur les données de deux essais cliniques prospectifs qui ont inclus un total de 198 patients atteints de TIH de type II traités par Refludan .,1
Les propriétés pharmacocinétiques de la lépirudine administrée par voie intraveineuse sont bien décrites par un modèle bicompartimental .,1
Environ 35 % de la dose administrée sont excrétés sous forme inchangée .,1
"Les études réalisées en administration unique ou réitérée chez la souris , le rat et le singe ont mis en évidence les effets secondaires attendus d ’ un effet pharmacodynamique trop intense de la lépirudine .",1
Chez le singe sont survenues des hémorragies rétiniennes .,1
"Mannitol , hydroxyde de sodium pour ajustement du pH à 7 .",1
Après reconstitution : utiliser immédiatement .,0
"Celgene Europe Ltd . , Riverside House , Riverside Walk , Windsor , SL4 1NA , Royaume Uni",1
"Refludan , 50 mg , poudre pour solution injectable ou pour perfusion",1
Chaque flacon contient 50 mg de lépirudine .,1
Clairance,1
EMEA / H / C / 122,0
4 . 3 Contre - indications,0
CSL Behring GmbH Emil - von - Behring - Straße 76 35041 Marburg Allemagne,1
25 MENTIONS DEVANT FIGURER SUR L ’ EMBALLAGE EXTERIEUR ET SUR LE CONDITIONNEMENT PRIMAIRE,1
1 flacon contient 20 mg de lépirudine .,1
"Contient également : mannitol , hydroxyde de sodium .",1
1 flacon de poudre pour solution injectable ou pour perfusion .,1
"Reconstituer le flacon ( 20 mg de lépirudine ) avec 0 , 4 ml d ’ eau pour préparations injectables ou d ’ une solution de chlorure de sodium à 9 mg / ml ( 0 , 9 % ) .",1
Une dilution ultérieure est nécessaire avant utilisation .,1
La solution reconstituée doit être utilisée immédiatement .,1
Ne pas utiliser de solutions troubles ou qui contiennent des particules .,1
27 MENTIONS DEVANT FIGURER SUR L ’ EMBALLAGE EXTERIEUR ET SUR LE CONDITIONNEMENT PRIMAIRE,1
10 x 1 flacon de poudre pour solution injectable ou pour perfusion .,1
Refludan 20 mg en poudre pour solution injectable ou pour perfusion . lépirudine Voie intraveineuse,1
Refludan 50 mg en poudre pour solution injectable ou pour perfusion lépirudine,1
1 flacon contient 50 mg de lépirudine .,1
"Reconstituer le flacon ( 50 mg de lépirudine ) avec 1 ml d ’ eau pour préparations injectables ou d ’ une solution de chlorure de á sodium 9 mg / ml ( 0 , 9 % ) .",1
Refludan 50 mg en poudre pour solution injectable ou pour perfusion lépirudine Voie intraveineuse,1
Refludan 20 mg en poudre pour solution injectable ou pour perfusion Lepirudine,1
QU ’ EST - CE QUE REFLUDAN ET DANS QUEL CAS EST - IL UTILISE,1
Refludan est un antithrombotique .,1
Les antithrombotiques sont des médicaments destinés à prévenir la formation de caillots sanguins ( thrombose ) .,1
Refludan est utilisé pour inhiber la coagulation chez des patients adultes atteints d ’ une thrombopénie induite par l ’ héparine ( TIH ) de type II et de maladie thrombo - embolique nécessitant un traitement antithrombotique injectable .,1
La thrombopénie induite par l ’ héparine ( TIH ) de type II est une maladie qui peut survenir après que vous ayez pris des médicaments contenant de l ’ héparine .,1
Cela peut conduire ensuite à un dépôt de ces caillots dans certains organes .,1
"De même , veuillez prévenir votre médecin si vous souffrez d ’ insuffisance rénale ou d ’ une cirrhose du foie ( maladie du foie à un stade avancé ) , car il faudra dans ce cas réduire la posologie de Refludan .",1
"Vous devez également prévenir votre médecin si jamais vous avez déjà pris du Refludan , une autre hirudine ou un analogue de l ’ hirudine .",1
Les médicaments destinés à détruire les caillots sanguins ou les comprimés destinés à prévenir leur formation ( coumariniques ) peuvent accroître le risque de saignement lorsqu ’ ils sont administrés en même temps que Refludan .,1
Refludan ne doit pas être administré aux femmes enceintes ou qui allaitent,1
COMMENT UTILISER REFLUDAN,1
"Votre médecin déterminera et contrôlera la posologie et la durée de votre traitement par Refludan en fonction de votre état clinique , de votre poids corporel et de certains paramètres biologiques .",1
"Si vous avez l ’ impression que l ’ effet de Refludan est trop fort ou trop faible , consultez votre médecin ou votre pharmacien .",1
"Refludan , une fois reconstitué avec le solvant approprié , sera administré dans une veine , par injection et ensuite par perfusion .",1
Très fréquent ( au moins 1 personne sur 10 ),0
"38 Anémie ou baisse du taux d ’ hémoglobine sans source de saignement manifeste , contusion , saignement au niveau des sites de ponction , saignement nasal , sang dans les urines , saignement gastrointestinal , saignement vaginal , saignement rectal , hémorragie pulmonaire , saignement au niveau de la poitrine et autour du c œ ur suite à une intervention chirurgicale , saignement au niveau du cerveau .",1
"Une hémorragie sévère et , en particulier , une hémorragie intracrânienne peut être fatale .",1
"Lors de la surveillance post - marketing intensive , dans la TIH de type II , ont été rapportées des hémorragies fatales chez 1 % des patients et des hémorragies intracrâniennes chez 0 , 2 % des patients .",1
"Une hémorragie sévère peut provoquer une diminution du volume de sang circulant , une pression artérielle basse , un état de choc , et les séquelles cliniques qui en résultent .",1
COMMENT CONSERVER REFLUDAN,1
Conserver le flacon dans l ’ emballage extérieur .,1
Ne pas utiliser Refludan si la solution reconstituée est trouble ou contient des particules .,1
"Une fois reconstitué , Refludan doit être utilisé immédiatement .",1
Toute solution non utilisée doit être jetée de manière appropriée .,1
"La substance active est la lépirudine , idem RCPun composé produit par la technique d ’ ADN recombinant à partir de cellules de levure .",1
Les autres composants sont le mannitol ( E 421 ) et l ’ hydroxyde de sodium pour l ’ ajustement du pH .,1
Qu ’ est - ce que REFLUDAN et contenu de l ’ emballage extérieur Refludan est une poudre blanche pour solution injectable ou perfusion fournie dans un flacon contenant 20 mg de lépirudine .,1
Refludan est disponible en boîtes de 1 ou 10 flacons .,1
"Fabricant CSL Behring GmbH , Emil - von - Behring - Straße 76 , 35041 Marburg , Germany .",0
Refludan 50 mg en poudre pour solution injectable ou pour perfusion Lepirudine,1
Les autres composants sont le mannitol ( E 421 ) et l ’ hydroxyde de sodium pour l ’ ajustement du pH .,1
Qu ’ est - ce que REFLUDAN et contenu de l ’ emballage extérieur Refludan est une poudre blanche pour solution injectable ou perfusion fournie dans un flacon contenant 50 mg de lépirudine .,1
EMEA / H / C / 603,0
TYSABRI,1
Qu ’ est - ce que Tysabri ?,1
Tysabri est une solution à diluer pour perfusion ( goutte - à - goutte dans une veine ) .,1
Il contient le principe actif natalizumab .,1
Dans quel cas Tysabri est - il utilisé ?,1
Tysabri est utilisé dans le traitement des adultes atteints de sclérose en plaques ( SEP ) .,1
Comment Tysabri est - il utilisé ?,1
"Le traitement par Tysabri doit être mis en place et surveillé par un médecin expérimenté dans le traitement des maladies du système nerveux , et qui a accès à un certain type de scanner , appelé appareil d ’ imagerie par résonance magnétique ( IRM ) .",1
"Cette machine permettra au médecin de surveiller tout changement dans le cerveau lié à la SEP ou à une infection rare du cerveau , appelée leucoencéphalite multifocale progressive ( LEMP ) .",1
Tysabri est administré en perfusion d ’ une durée d ’ une heure toutes les quatre semaines .,1
"La perfusion étant susceptible de provoquer une réaction allergique , le patient doit être surveillé pendant toute la durée de la perfusion et pendant l ’ heure qui suit .",1
"Si le patient ne présente aucun signe de bénéfice évident après six mois , le médecin devra réévaluer le traitement .",1
Les patients traités par Tysabri doivent recevoir une carte d ’ alerte spéciale qui résume les principales informations sur la sécurité du médicament .,1
"Le patient doit montrer cette carte à son partenaire ou à son aide - soignant , ainsi qu ’ à ses autres médecins , car ceux - ci sont susceptibles de remarquer des symptômes de LEMP dont le patient n ’ est pas conscient , tels que des variations d ’ humeur , de comportement ou de langage .",1
Les effets de Tysabri ont d ’ abord été testés sur des modèles expérimentaux avant d ’ être étudiés chez l ’ homme .,1
"Deux études , toutes deux d ’ une durée de deux ans , ont permis d ’ évaluer Tysabri dans la SEP .",1
L ’ une de ces études a comparé Tysabri administré seul ( monothérapie ) à un placebo ( un traitement fictif ) chez 942 patients .,1
"Les principaux critères d ’ évaluation de l ’ efficacité étaient le nombre de rechutes et l ’ évolution du degré d ’ handicap des patients , mesuré à l ’ aide de l ’ échelle d ’ évaluation du handicap ( Expanded Disability Status Scale ) .",1
Quel est le bénéfice démontré par Tysabri au cours des études ?,1
"Tysabri s ’ est également révélé plus efficace qu ’ un placebo sur les effets handicapants de la SEP : en deux ans , le risque d ’ aggravation du handicap a été réduit de 42 % par rapport à un placebo .",1
"Les patients , leurs aides - soignants et les médecins doivent être conscients que Tysabri peut être lié à des infections , notamment une LEMP .",1
La LEMP présente des symptômes similaires à ceux ressentis lors d ’ une poussée de SEP et entraîne généralement un handicap grave ou le décès .,1
"En cas de suspicion de LEMP , le médecin doit arrêter le traitement jusqu ’ à ce qu ’ il soit établi avec certitude que le patient ne souffre pas de cette infection .",1
"Au cours des études , les effets indésirables les plus couramment observés sous Tysabri ( chez un à dix patients sur 100 ) étaient les suivants : infections des voies urinaires ( infection des structures véhiculant l ’ urine ) , rhinopharyngite ( inflammation du nez et de la gorge ) , urticaire ( éruption cutanée ) , maux de tête , vertiges , vomissements , nausée , arthralgie ( douleurs articulaires ) , frissons , pyrexie ( fièvre ) et fatigue .",1
"Pour une description complète des effets indésirables observés sous Tysabri , voir la notice .",1
Tysabri ne doit pas être utilisé chez les personnes pouvant présenter une hypersensibilité ( allergie ) au natalizumab ou à l ’ un des autres composants .,1
"Il ne doit pas être administré à des patients souffrant de LEMP ou à des patients présentant un risque d ’ infection , y compris les patients immunodéprimés par leur maladie ou un autre traitement actuel ou antérieur .",1
Tysabri ne doit pas être associé à l ’ interféron bêta ou à l ’ acétate de glatiramère ( d ’ autres médicaments utilisés dans le traitement de longue durée de la SEP ) .,1
"Il ne doit pas non plus être prescrit à des patients atteints de cancer ( sauf dans le cas d ’ un type de cancer de la peau appelé carcinome baso - cellulaire ) , ni à des sujets de moins de 18 ans .",1
2 / 3 Pourquoi Tysabri a - t - il été approuvé ?,1
Le comité a recommandé l ’ octroi d ’ une autorisation de mise sur le marché pour Tysabri .,1
Quelles sont les mesures prises pour assurer la sécurité de Tysabri ?,1
La société fabricant Tysabri s ’ assurera que tous les médecins prescrivant Tysabri ont reçu un kit d ’ informations comportant toutes les données dont ils ont besoin pour être sûrs que ce médicament est utilisé correctement et que les patients sont étroitement surveillés .,1
Autres informations relatives à Tysabri :,1
"La Commission européenne a délivré une autorisation de mise sur le marché valide dans toute l ’ Union européenne pour Tysabri à Elan Pharma International Ltd , le 27 juin 2006 .",1
L ’ EPAR complet relatif à Tysabri est disponible : ici .,1
Tysabri,1
TYSABRI 300 mg solution à diluer pour perfusion .,1
Chaque ml de solution à diluer contient 20 mg de natalizumab .,1
"Le natalizumab est un anticorps anti - α 4 - intégrine humanisé recombinant , produit dans une lignée cellulaire murine par génie génétique .",1
"Après dilution ( voir rubrique 6 . 6 ) , la solution pour perfusion contient environ 2 , 6 mg / ml de natalizumab .",1
TYSABRI est indiqué en monothérapie comme traitement de fond des formes très actives de sclérose en plaques ( SEP ) rémittente - récurrente pour les groupes de patients suivants :,1
• Patients présentant une forme très active de la maladie malgré un traitement par interféron bêta ( voir rubrique 5 . 1 ) ;,1
• Patients présentant une sclérose en plaques rémittente - récurrente sévère d ’ évolution rapide ( voir rubrique 5 . 1 ) .,1
"Le traitement par TYSABRI doit être instauré et surveillé par des médecins spécialistes , ayant l ’ expérience du diagnostic et du traitement des affections neurologiques , dans des centres bénéficiant d ’ un accès rapide à l",1
Les patients traités par TYSABRI doivent recevoir une carte patient spéciale .,1
Le matériel nécessaire à la prise en charge d ’ éventuelles réactions d ’ hypersensibilité ainsi qu ’ un accès à l ’ IRM devront être disponibles .,1
"Par conséquent , le médecin devra vérifier l ’ absence d ’ immunosuppression avant l ’ instauration du traitement par TYSABRI .",1
La poursuite du traitement devra être reconsidérée soigneusement chez les patients ne présentant aucun signe de bénéfice thérapeutique au - delà de 6 mois .,1
On ne dispose pas de données sur la sécurité et l ’ efficacité du natalizumab au - delà de 2 ans .,1
La prolongation du traitement après ce délai ne devra être envisagée qu ’ après une ré - évaluation du rapport bénéfice - risque .,1
TYSABRI 300 mg est administré en perfusion intraveineuse une fois toutes les 4 semaines .,1
TYSABRI n ’ est pas recommandé chez les sujets âgés de plus de 65 ans en raison de l ’ absence de données dans cette population .,1
TYSABRI est contre indiqué chez les enfants et les adolescents ( voir rubrique 4 . 3 ) .,1
Aucune étude n ’ a été effectuée pour examiner les effets d ’ une insuffisance rénale ou hépatique .,1
Le mécanisme d ’ élimination et les résultats des études de pharmacocinétique de populations suggèrent qu ’ il n ’ est pas nécessaire d ’ ajuster la posologie en cas d ’ insuffisance rénale ou hépatique .,1
"L ’ efficacité d ’ une réadministration n ’ a pas été établie ; pour la sécurité d ’ emploi , voir rubrique 4 . 4",1
Hypersensibilité au natalizumab ou à l ’ un des excipients .,1
Leucoencéphalopathie multifocale progressive ( LEMP ) .,1
"Patients présentant un risque accru d ’ infections opportunistes , y compris patients immunodéprimés ( patients sous traitement immunosuppresseur ou patients immunodéprimés par des traitement s antérieurs , par exemple mitoxantrone ou cyclophosphamide , voir également les rubriques 4 . 4 et 4 . 8 ) .",1
Association avec les interférons bêta ou l ’ acétate de glatiramère .,1
"Cancers diagnostiqués en évolution , à l ’ exception des carcinomes cutanés baso - cellulaires .",1
Leucoencéphalopathie multifocale progressive ( LEMP ),1
Un examen d ’ imagerie par résonance magnétique ( IRM ) récent ( effectué généralement dans les 3 mois précédents ) doit être disponible préalablement à l ’ instauration du traitement par TYSABRI .,1
"Les patients doivent être surveillés à intervalles réguliers , afin de détecter l ’ apparition ou l ’ aggravation de symptômes ou de signes neurologiques pouvant évoquer une LEMP .",1
"Le médecin devra examiner soigneusement le patient pour déterminer si les symptômes indiquent un dysfonctionnement neurologique , et si c ’ est le cas il devra établir si ces symptômes sont typiques d ’ une SEP ou évocateurs d ’ une LEMP .",1
"En cas de doute , des examens complémentaires , notamment une IRM , de préférence avec produit de contraste ( à comparer avec l ’ IRM réalisée avant traitement ) et un dosage de l ’ ADN du virus JC dans le LCR ainsi que des examens neurologiques répétés devront être envisagés , tels que décrits dans le Guide de Prescription pour la prise en charge des patients présentant une sclérose en plaques et traités par TYSABRI ( voir conduite éducative ) .",1
"Le traitement par natalizumab ne pourra redémarrer qu ’ après exclusion du diagnostic de LEMP ( si nécessaire après avoir réitéré les examens cliniques , d ’ imagerie et / ou biologiques si un doute clinique subsiste ) .",1
"Le médecin devra être particulièrement attentif à l ’ apparition de symptômes évocateurs d ’ une LEMP que le patient pourrait ne pas remarquer ( par exemple , symptômes cognitifs ou psychiatriques ) .",1
"En cas d ’ apparition d ’ une LEMP , le traitement par TYSABRI devra être arrêté définitivement .",1
"Après reconstitution du système immunitaire chez les patients immunodéprimés ayant une LEMP , on a observé une stabilisation ou une amélioration de l ’ évolution ( voir rubrique 5 . 2 ) .",1
Actuellement on ne sait pas si la détection précoce d ’ une LEMP et l ’ arrêt du traitement par TYSABRI peuvent conduire à une telle stabilisation ou amélioration de l ’ évolution .,1
Autres infections opportunistes,1
Des infections opportunistes ont également été décrites chez des patients souffrant de SEP et traités par TYSABRI en monothérapie ( voir rubrique 4 . 8 ) .,1
"En cas de suspicion d ’ infection opportuniste , le traitement par TYSABRI devra être suspendu jusqu ’ à ce que la présence d ’ une telle infection soit exclue à la suite d ’ examens complémentaires .",1
La survenue d ’ une infection opportuniste sous TYSABRI doit conduire à l ’ arrêt définitif du traitement .,1
4 Tous les médecins ayant l ’ intention de prescrire TYSABRI doivent avoir pris connaissance du Guide de Prescription pour la prise en charge des patients présentant une sclérose en plaques et traités par TYSABRI .,1
"Les patients devront être informés qu ’ en cas d ’ apparition d ’ une quelconque infection , ils devront prévenir leur médecin qu ’ ils sont traités par TYSABRI .",1
"Les médecins doivent informer les patients de l ’ importance de ne pas interrompre le traitement , particulièrement lors des premiers mois de traitement ( voir rubrique Hypersensibilité ) .",1
"Des réactions d ’ hypersensibilité ont été associées à l ’ utilisation de TYSABRI , elles peuvent être des réactions systémiques graves ( voir rubrique 4 . 8 ) .",1
Ces réactions surviennent généralement pendant la perfusion ou dans l ’ heure qui suit la fin de la perfusion .,1
Le risque de réactions d ’ hypersensibilité a été plus important au cours des premières perfusions ainsi que chez les patients recevant de nouveau TYSABRI après une exposition initiale courte ( une ou deux perfusions ) suivie d ’ une période prolongée sans traitement ( trois mois ou plus ) .,1
Néanmoins ce risque de réactions d ’ hypersensibilité doit être envisagé à chaque perfusion .,1
Le matériel nécessaire à la prise en charge d ’ éventuelles réactions d ’ hypersensibilité devra être disponible .,1
Le traitement par TYSABRI devra être interrompu et un traitement approprié devra être instauré dès les premiers signes ou symptômes d ’ hypersensibilité .,1
Les patients ayant présenté une réaction d ’ hypersensibilité doivent arrêter définitivement le traitement par TYSABRI .,1
Traitement associé ou traitement antérieur par immunosuppresseurs,1
L ’ efficacité et la tolérance de TYSABRI en association à d ’ autres traitements immunosuppresseurs ou anticancéreux n ’ ont pas été totalement établies .,1
"L ’ utilisation concomitante de ces médicaments avec TYSABRI est susceptible de majorer le risque d ’ infections , y compris les infections opportunistes , et est par conséquent contre - indiquée ( voir rubrique 4 . 3 ) .",1
"Les patients ayant reçu un traitement antérieur par immunosuppresseurs , ( dont cyclophosphamide et mitoxantrone ) , peuvent présenter une immunosuppression prolongée et donc un risque accru de LEMP .",1
"Chez les patients ayant reçu un traitement antérieur par immunosuppresseur , il faudra veiller à laisser un délai suffisant pour permettre la reconstitution du système immunitaire .",1
"Avant de débuter le traitement par TYSABRI , les médecins devront évaluer chaque cas individuellement pour mettre en évidence une éventuelle immunosuppression ( voir rubrique 4 . 3 ) .",1
"Au cours des études cliniques de Phase 3 réalisées dans la SEP , le traitement concomitant des poussées par des corticoïdes sur une courte période n ’ a pas été associé à une augmentation du taux des infections .",1
Des cures courtes de corticoïdes peuvent être administrées en association avec TYSABRI .,1
Une aggravation de la maladie ou la survenue d ’ évènements liés à la perfusion peuvent faire suspecter le développement d ’ anticorps anti - natalizumab .,1
"Il conviendra chez ces patients de détecter la présence d ’ anticorps avant la reprise du traitement ; en cas de résultat positif confirmé par un second test effectué 6 semaines plus tard , le traitement ne devra pas être réintroduit .",1
Des troubles hépatiques graves ont été rapportés spontanément depuis la mise sur le marché de Tysabri .,1
"Ces troubles hépatiques peuvent survenir à tout moment au cours du traitement , même après la première perfusion .",1
La fonction biologique hépatique des patients traités doit être surveillée de façon appropriée ; les patients doivent être avertis de la nécessité de contacter leur médecin en cas de survenue de signes ou symptômes évocateurs de troubles hépatiques tels qu,1
"En cas de troubles hépatiques significatifs , le traitement par TYSABRI devra être arrêté .",1
Arrêt du traitement par TYSABRI,1
"En cas de décision d ’ arrêt du traitement , le médecin doit être averti que le natalizumab reste présent dans le sang et a des effets pharmacodynamiques ( par exemple , augmentation des lymphocytes ) pendant environ 12 semaines après la dernière administration .",1
L ’ instauration d ’ autres traitements au cours de cette période conduira donc à une exposition concomitante au natalizumab .,1
"Au cours des essais cliniques , une exposition concomitante de cette durée à l ’ interféron ou à l ’ acétate de glatiramère n ’ a pas été associée à des problèmes de sécurité .",1
Il n ’ existe actuellement aucune donnée sur l ’ exposition concomitante aux immunosuppresseurs chez les patients souffrant de SEP .,1
L ’ utilisation de ces médicaments peu après l ’ arrêt du natalizumab peut conduire à un effet immunosuppresseur additif .,1
"Ceci devra être considéré avec attention , au cas par cas et l ’ instauration d ’ une fenêtre thérapeutique pourrait être appropriée .",0
"Au cours des essais cliniques , le traitement des poussées par des corticoïdes sur une courte période n ’ a pas été associé à une augmentation du taux des infections .",1
Le natalizumab ne doit pas être administré au cours de la grossesse sauf en cas de nécessité absolue .,1
"En cas de grossesse débutant sous TYSABRI , l ’ arrêt de TYSABRI devra être envisagé .",1
"Le passage de TYSABRI dans le lait maternel n ’ est pas connu , cependant il a été observé chez l ’ animal ( voir rubrique 5 . 3 ) .",1
"Par conséquent , les femmes traitées par TYSABRI ne doivent pas allaiter .",1
"Compte tenu du mécanisme d ’ action pharmacologique du natalizumab , l ’ utilisation de TYSABRI ne devrait pas modifier l ’ aptitude du patient à conduire des véhicules ou à utiliser des machines .",1
Dans les études contrôlées contre placebo réalisées chez 1 617 patients souffrant de SEP et traités par natalizumab pendant un maximum de 2 ans ( placebo :,1
"6 à l ’ arrêt du traitement se sont produits chez 5 , 8 % des patients sous natalizumab ( placebo :",1
"Pendant les deux années de ces études , 43 , 5 % des patients traités par le natalizumab ont présenté des effets indésirables liés au médicament ( placebo :",1
"Les effets indésirables liés au médicament , rapportés sous natalizumab avec une incidence supérieure de 0 , 5 % par rapport au placebo , sont présentés ci - dessous .",1
Les fréquences ont été définies comme suit :,0
"Fréquent ( ≥ 1 / 100 , à",0
Affections musculo - squelettiques et systémiques Fréquent,1
"Dans les études cliniques contrôlées réalisées sur 2 ans chez des patients atteints de SEP , un événement lié à la perfusion a été défini comme un événement indésirable survenant pendant la perfusion ou dans l ’ heure suivant l ’ arrêt de celle - ci .",1
"Ce type d ’ événement s ’ est produit chez 23 , 1 % des patients souffrant de SEP traités par natalizumab ( placebo :",1
"Les événements qui ont été rapportés plus souvent sous natalizumab que sous placebo comportaient : sensations vertigineuses , nausées , urticaire et frissons .",1
"Au cours des études cliniques contrôlées réalisées sur 2 ans chez des patients atteints de SEP , des réactions d ’ hypersensibilité sont survenues chez 4 % des patients .",1
Des anticorps anti - natalizumab ont été décelés chez 10 % des patients au cours des études contrôlées réalisées sur 2 ans chez des patients atteints de SEP .,1
Des anticorps ont été détectés à une seule reprise chez 4 % des patients .,1
La présence des anticorps persistants a été associée à une diminution importante de l ’ efficacité de TYSABRI et à une augmentation de la fréquence des réactions d ’ hypersensibilité .,1
"Les autres réactions liées à la perfusion et associées à la présence d ’ anticorps persistants ont comporté : frissons , nausées , vomissements et bouffées vasomotrices ( voir rubrique 4 . 4 ) .",1
"Lorsqu ’ après environ 6 mois de traitement , la présence d ’ anticorps persistants est suspectée , du fait d ’ une diminution de l ’ efficacité , ou de la survenue d ’ évènements liés à la perfusion , une recherche des anticorps sera effectuée et le résultat positif devra être confirmé par un second test effectué 6 semaines plus tard .",1
"Etant donné que la présence de ces anticorps peut être associée à une diminution de l ’ efficacité du traitement et à une augmentation des réactions d ’ hypersensibilité ou des réactions liées à la perfusion , il conviendra d ’ interrompre le traitement chez les patients porteurs d ’ anticorps persistants .",1
"Infections , y compris LEMP et infections opportunistes",1
"Dans d ’ autres études cliniques , d ’ autres cas d ’ infections opportunistes ont été rapportés , certains ont été fatals .",1
"Dans les études cliniques , la survenue d ’ infections herpétiques ( virus Varicelle - Zona , virus Herpès - Simplex ) a été un peu plus fréquente chez les patients traités par natalizumab que chez les patients sous placebo .",1
"Après commercialisation , des cas graves ont été rapportés , dont un cas fatal d ’ encéphalite herpétique .",1
La majorité des patients n ’ a pas interrompu le traitement par natalizumab au cours des infections et leur guérison a été obtenue par un traitement approprié .,1
Des cas de LEMP ont été rapportés au cours des études cliniques .,1
Cette leucoencéphalopathie entraîne généralement un handicap sévère ou le décès ( voir rubrique 4 . 4 ) .,1
"Deux cas , dont un mortel , sont survenus au cours des études pivots chez les patients souffrant de SEP et ayant reçu un traitement concomitant par interféron bêta - 1a pendant plus de 2 ans .",1
"Par ailleurs , au cours d ’ un autre essai , une LEMP ayant entraîné le décès est survenue chez un patient atteint de la maladie de Crohn , qui avait reçu antérieurement de manière prolongée des traitements immunosuppresseurs et qui présentait une lymphopénie associée .",1
Des cas de LEMP chez des patients ayant reçu TYSABRI en monothérapie ont été rapportés après commercialisation .,1
"Des cas de troubles hépatiques graves , des cas d ’ augmentation des enzymes hépatiques , et d ’ hyperbilirubinémie , ont été rapportés spontanément depuis la mise sur le marché de Tysabri ( voir rubrique 4 . 4 ) .",1
Effets sur les paramètres biologiques,0
"Ces augmentations étaient comprises entre 35 % et 140 % pour les types cellulaires individuels ( lymphocytes , monocytes , éosinophiles et basophiles ) , mais les numérations moyennes sont restées comprises dans les limites de la normale .",1
"Le traitement par TYSABRI a également été associé à de faibles diminutions de l ’ hémoglobine ( diminution moyenne de 0 , 6 g / dl ) , de l ’ hématocrite ( diminution moyenne de 2 % ) et des érythrocytes ( diminution moyenne de 0 , 1 x 106 / l ) .",1
Ces anomalies n ’ ont pas été associées à des symptômes cliniques et les paramètres hématologiques se sont normalisés généralement dans les 16 semaines après la dernière administration de TYSABRI .,1
"Agent immunosuppresseur sélectif , code ATC :",1
"Il se fixe sur la sous - unité α 4 des intégrines humaines , fortement exprimée à la surface de tous les leucocytes , à l ’ exception des neutrophiles .",1
"Plus spécifiquement , le natalizumab se lie à l ’ intégrine α 4 β 1 en bloquant l ’ interaction de cette molécule avec son récepteur , la molécule VCAM - 1 ( vascular cell adhesion molecule - 1 ) et les ligands ostéopontine , ainsi qu ’ un variant d ’ épissage de la fibronectine , le CS - 1 ( connecting segment - 1 ) .",1
Le natalizumab bloque l ’ interaction de l ’ intégrine α 4 β 7 avec la molécule MadCAM - 1 ( mucosal addressin cell adhesion molecule - 1 ) .,1
L ’ inhibition de ces interactions moléculaires empêche la transmigration des leucocytes mononucléés à travers l ’ endothélium vers les tissus parenchymateux inflammatoires .,1
Un autre mécanisme d ’ action du natalizumab pourrait être de supprimer les réactions inflammatoires en cours dans les tissus pathologiques en inhibant les interactions des leucocytes exprimant la sous - unité α 4 avec leurs ligands dans la matrice extracellulaire et sur les cellules parenchymateuses .,1
"Par conséquent , le natalizumab pourrait agir en supprimant l ’ activité inflammatoire au site de la maladie et en inhibant le recrutement ultérieur de cellules immunitaires dans les tissus inflammatoires .",1
"Il semble que , dans la SEP , les lésions apparaissent lorsque les lymphocytes T activés traversent la barrière hémato - encéphalique ( BHE ) .",1
"L ’ interaction entre l ’ intégrine α 4 β 1 et ses cibles est une composante importante de l ’ inflammation pathologique cérébrale , qui diminue avec l ’ inhibition de ces interactions .",1
"Dans le contexte de l ’ inflammation du système nerveux central ( SNC ) associée à la SEP , c ’ est l ’ interaction de l ’ intégrine α 4 β 1 avec les VCAM - 1 , CS - 1 et ostéopontine qui sert de médiateur à l ’ adhésion ferme et la transmigration des leucocytes dans le parenchyme cérébral , pouvant perpétuer la cascade inflammatoire dans le tissu du SNC .",1
TYSABRI est indiqué en monothérapie comme traitement de fond de la sclérose en plaques rémittente - récurrente afin de prévenir les poussées et retarder la progression du handicap .,1
"Compte tenu des problèmes de sécurité ( voir rubriques 4 . 4 et 4 . 8 ) , le traitement est limité aux groupes de patients suivants :",1
• Patients n ’ ayant pas répondu à un traitement complet et bien conduit par interféron bêta .,1
Les patients doivent avoir présenté au moins 1 poussée au cours de l ’ année précédente alors qu ’ ils étaient sous traitement et doivent présenter au moins 9 lésions hyperintenses en T2 à l ’ IRM cérébrale ou au moins 1 lésion rehaussée après injection de Gadolinium .,1
"• Patients présentant une sclérose en plaques rémittente - récurrente sévère et d ’ évolution rapide , définie par 2 poussées invalidantes ou plus au cours d ’ une année associées à 1 ou plusieurs lésion ( s ) rehaussée ( s ) après injection de Gadolinium sur l ’ IRM cérébrale ou une augmentation significative de la charge lésionnelle en T2 par rapport à une IRM antérieure récente .",1
"L ’ efficacité en monothérapie a été évaluée au cours d ’ une étude de 2 ans ( étude AFFIRM ) randomisée , en double insu , contrôlée versus placebo , réalisée chez des patients atteints de SEP rémittente - récurrente ayant présenté au moins 1 poussée clinique au cours de l ’ année précédant l ’ inclusion dans l ’ étude , et dont le score EDSS ( Kurtzke Expanded Disability Status Scale , échelle d ’ évaluation du handicap ) était compris entre 0 et 5 .",1
L ’ âge médian était de 37 ans et la durée médiane de la maladie de 5 ans .,1
Des examens neurologiques ont été effectués toutes les 12 semaines et en cas de suspicion de poussées .,1
Les examens IRM ( recherche de lésions rehaussées par gadolinium avec pondération en T1 et recherche de lésions hyperintenses en T2 ) ont été effectués tous les ans .,1
Les caractéristiques et les résultats de l ’ étude sont présentés dans le tableau ci - dessous .,1
SEP RR ( critères de McDonald ),1
Deux ans,0
Handicap,1
"12 semaines , critère d ’ évaluation principal )",0
( p,0
11 Nombre moyen de lésions rehaussées,1
Ces résultats ont été obtenus à partir d ’ une analyse post - hoc et doivent donc être,0
Il n ’ y a pas de données disponibles sur la sévérité des poussées avant l ’ inclusion des patients dans l ’ étude .,1
"Après administration intraveineuse répétée d ’ une dose de 300 mg de natalizumab chez des patients souffrant de SEP , les concentrations sériques maximales moyennes ont été de 110 ± 52 μ g / ml .",1
Les concentrations minimales moyennes à l ’ équilibre au cours de la période de traitement étaient comprises entre 23 μ g / ml et 29 μ g / ml .,1
Le délai prévu pour atteindre l ’ équilibre était d ’ environ 36 semaines .,0
Une analyse de pharmacocinétique de population a été effectuée sur des groupes de plus de 1 100 patients souffrant de SEP recevant des doses comprises entre 3 et 6 mg / kg de natalizumab .,1
"Parmi ces patients , 581 ont reçu une dose fixe de 300 mg en monothérapie .",1
"La clairance moyenne ± ET à l ’ équilibre était de 13 , 1 ± 5 , 0 ml / h , avec une demi - vie moyenne ± ET de 16 ± 4 jours .",1
"L ’ analyse a exploré les effets de covariables sélectionnées sur les paramètres pharmacocinétiques , notamment le poids , l ’ âge , le sexe , la fonction hépatique et rénale ainsi que la présence d ’ anticorps anti - natalizumab .",1
Seuls le poids et la présence d ’ anticorps anti - natalizumab ont modifié l ’ élimination du natalizumab .,1
"L ’ effet du poids n ’ a pas été totalement proportionnel , puisqu ’ une variation de 43 % du poids a conduit à une variation de 31 % à 34 % de la clairance .",1
Cette modification de la clairance n ’ a pas été cliniquement significative .,1
"La présence d ’ anticorps anti - natalizumab persistants a approximativement triplé la clairance du natalizumab , ce qui est cohérent avec la diminution des concentrations sériques de natalizumab observée chez les patients porteurs de ce type d ’ anticorps ( voir rubrique 4 . 8 ) .",1
Les paramètres pharmacocinétiques du natalizumab n ’ ont pas été étudiés chez l ’ enfant et chez l ’ insuffisant rénal ou hépatique .,1
L ’ effet des échanges plasmatiques sur la clairance et les paramètres pharmacodynamiques du natalizumab a été évalué lors d ’ une étude chez 12 patients atteints de SEP .,1
L ’ élimination du médicament après 3 échanges plasmatiques ( sur une période de 5 à 8 jours ) est estimée à environ 70 - 80 % .,1
"Ceci est à comparer au taux d ’ environ 40 % mesuré lors d ’ études antérieures dans lesquelles les dosages avaient été effectués après arrêt du traitement , sur une période d ’ observation identique .",1
L ’ impact des échanges plasmatiques sur la reprise de la migration lymphocytaire et par conséquent leur utilité clinique ne sont pas connus .,1
"Du fait de l ’ activité pharmacologique du natalizumab , une modification de la circulation des lymphocytes , une augmentation des globules blancs ainsi qu ’ une hypersplénie ont été observées dans la plupart des études in vivo .",1
Ces modifications ont été réversibles et n ’ ont pas semblé provoquer d ’ effets toxiques .,1
"12 Dans les études réalisées chez la souris , l ’ administration de natalizumab n ’ a pas provoqué de croissance ni d ’ apparition de métastases de tumeurs de type mélanome ou leucémie lymphoblastique .",1
Le natalizumab n ’ a exercé aucun effet clastogène ou mutagène dans les tests d ’ Ames ou dans les tests d ’ aberrations chromosomiques de cellules humaines .,1
"Il n ’ a , par ailleurs , présenté aucun effet dans les essais in vitro de prolifération de lignées tumorales intégrine α 4 - positives et aucune cytotoxicité .",1
Aucun effet sur les taux d ’ avortements n ’ a été observé dans aucune autre étude .,1
"Une étude chez la femelle singe cynomolgus gravide a mis en évidence des modifications f œ tales attribuées au natalizumab , notamment une faible anémie , une diminution des plaquettes , une augmentation du poids de la rate ainsi qu ’ une diminution du poids du foie et du thymus .",1
"Ces modifications ont été associées à une augmentation de l ’ hématopoïèse extramédullaire splénique , ainsi qu ’ à une atrophie du thymus et à une diminution de l ’ hématopoïèse hépatique .",1
"Le taux des plaquettes était également diminué chez les nouveau - nés de mères traitées par le natalizumab jusqu ’ à la mise - bas , cependant il n ’ a pas été observé d ’ anémie chez ces nouveau - nés .",1
Toutes ces modifications observées à des doses supérieures à celles utilisées chez l ’ homme ont disparu après élimination du natalizumab .,1
"Phosphate de sodium , monobasique , monohydraté Phosphate de sodium , dibasique , heptahydraté Chlorure de sodium Polysorbate 80 ( E433 ) Eau pour préparation injectable .",1
TYSABRI ne doit pas être mélangé avec d ’ autres médicaments à l ’ exception de ceux mentionnés dans la rubrique 6 . 6 .,1
Solution diluée,0
À conserver au réfrigérateur ( entre 2 ° C et 8 ° C ) .,0
15 ml de TYSABRI dans un flacon ( verre type I ) muni d ’ un bouchon de caoutchouc ( bromobutyle ) serti avec une bague ( aluminium ) surmonté d ’ une capsule protectrice plastique .,1
"Avant de diluer et d ’ administrer TYSABRI , inspectez le flacon pour vérifier l ’ absence de particules .",1
"Le flacon ne doit pas être utilisé s ’ il contient des particules et / ou si le liquide n ’ est pas incolore , limpide à légèrement opalescent .",1
Respectez les conditions d ’ asepsie pour préparer la solution de TYSABRI pour perfusion intraveineuse ( IV ) .,1
Retirez la capsule du flacon .,1
Introduisez l ’ aiguille de la seringue dans le flacon en perçant le centre du bouchon de caoutchouc et aspirez 15 ml de solution à diluer pour perfusion .,1
"Ajoutez les 15 ml de solution à diluer pour perfusion à 100 ml d ’ une solution injectable de chlorure de sodium à 9 mg / ml ( 0 , 9 % ) .",1
TYSABRI ne doit pas être mélangé avec d ’ autres médicaments ou diluants .,1
Inspectez visuellement le produit dilué pour vérifier l ’ absence de particules ou de coloration avant l ’ administration .,1
Ne pas utiliser en cas de présence de particules ou de coloration .,1
Le produit dilué doit être utilisé dès que possible et dans un délai maximum de 8 heures après la dilution .,1
"Si le produit dilué est conservé à une température de 2 à 8 ° C ( ne pas congeler ) , laissez la solution se réchauffer à température ambiante avant la perfusion .",1
La solution diluée doit être perfusée par voie intraveineuse pendant 1 heure à un débit d ’ environ 2 ml / minute .,1
"Dès que la perfusion est terminée , rincez la voie intraveineuse avec une solution injectable de chlorure de sodium à 9 mg / ml ( 0 , 9 % ) .",1
Tout produit restant ou inutilisé doit être traité conformément aux dispositions réglementaires nationales .,1
"Elan Pharma International Ltd . , Monksland , Athlone , County Westmeath , Irlande",1
Des informations détaillées sur ce médicament sont disponibles sur le site internet de l ’ Agence européenne du médicament ( EMEA ) http : / / www . emea . europa . eu /,1
Biogen Idec Inc 5000 Davis Drive Research Triangle Park NC 27709 - 4627 USA,1
Biogen Idec B . V .,0
Robijnlaan 8 NL - 2132 Hoofddorp Pays - Bas,1
Biogen Idec Denmark Manufacturing ApS Biogen Idec Allé 1 DK - 3400 Hillerød Danemark,1
"Le titulaire de l ’ autorisation de mise sur le marché devra s ’ assurer sur un plan national , préalablement à la commercialisation et comme convenu avec les autorités compétentes des états membres que tous les médecins ayant l ’ intention de prescire TYSABRI , aient bien à leur disposition un dossier médical contenant les éléments suivants : • Monographie du médicament • Information médicale sur TYSABRI • Carte patient .",1
"L ’ information médicale sur TYSABRI devra comporter les éléments clés suivants : • Indication restreinte • Infections atypiques / opportunistes , notamment la LEMP et incluant :",1
Diagnostic de LEMP avec différenciation entre la LEMP et les poussées de SEP Arbre de décision de prise en charge de la LEMP Possibilité d ’ autres infections opportunistes,1
Le titulaire de l ’ AMM devra s ’ assurer que le système de pharmacovigilance est en place et qu ’ il fonctionne avant de mettre le médicament sur le marché et cela aussi longtemps que le produit commercialisé sera utilisé .,1
Le titulaire de l ’ AMM s ’ engage à effectuer les études et autres actions de pharmacovigilance détaillées dans le plan de pharmacovigilance .,1
Un plan de gestion des risques actualisé devrait être fourni conformément au Guideline CHMP relatif aux systèmes de gestion des risques des médicaments à usage humain .,1
TYSABRI 300 mg solution à diluer pour perfusion natalizumab,1
Chaque flacon de 15 ml de concentré contient 300 mg de natalizumab ( 20 mg / ml ) ;,1
"phosphate de sodium , monobasique , monohydraté ; phosphate de sodium , dibasique , heptahydraté ; chlorure de sodium ; polysorbate 80 ( E433 ) et eau pour préparation injectable .",1
Diluer avant perfusion .,1
Elan Pharma International Ltd .,0
Monksland Athlone County Westmeath Irlande,1
- Il est important que vous conserviez cette carte avec vous pendant le traitement et pendant les 6,1
mois suivant l ’ administration de la dernière dose de TYSABRI car des effets secondaires peuvent se produire même après l ’ arrêt du traitement .,1
Qu ’ est ce que TYSABRI et dans quel cas est - il utilisé 2 .,1
Comment utiliser TYSABRI 4 .,1
QU ’ EST - CE QUE TYSABRI ET DANS QUEL CAS EST - IL UTILISE,1
TYSABRI est utilisé pour traiter la sclérose en plaques ( SEP ) .,1
"Les symptômes de SEP peuvent varier d ’ un patient à l ’ autre et il est possible que vous ne présentiez aucun des symptômes décrits ici , notamment : troubles de la marche , engourdissement du visage , des bras ou des jambes , problèmes de vue , fatigue , sensation de déséquilibre ou d ’ étourdissement , problèmes urinaires et intestinaux , difficultés à penser et à se concentrer , dépression , douleur aiguë ou chronique , problèmes sexuels , ainsi que raideurs et spasmes musculaires .",1
L ’ aggravation de ces symptômes est une récidive ( ou poussée de SEP ) .,1
"Elle peut être brutale , avec apparition des symptômes en quelques heures , ou progressive , évoluant sur plusieurs jours .",1
Les symptômes s ’ améliorent ensuite progressivement ( phénomène qualifié de rémission ) .,1
"La SEP provoque une inflammation du cerveau , susceptible d ’ endommager les cellules nerveuses .",1
"La substance active de TYSABRI est le natalizumab , une protéine comparable à vos propres anticorps .",1
"Au cours des études cliniques , TYSABRI a réduit de moitié la progression des effets invalidants de la SEP et a également diminué de deux - tiers environ le nombre de poussées de SEP .",1
"Cependant , TYSABRI ne peut pas réparer les dommages qui ont été provoqués par la maladie .",1
"Par conséquent , lorsque vous serez traité par TYSABRI , vous ne constaterez peut - être pas d ’ amélioration mais le traitement par TYSABRI pourra empêcher l ’ aggravation de votre maladie .",1
25 Il est essentiel de continuer votre traitement aussi longtemps que vous et votre médecin pensez qu ’ il est utile .,1
"Avant de débuter le traitement par TYSABRI , il est primordial de discuter avec votre médecin des bénéfices que vous pouvez attendre de ce traitement ainsi que des risque éventuels qui lui sont associés .",1
N ’ utilisez jamais TYSABRI • Si vous êtes allergique ( hydpersensible ) au natalizumab ou à l ’ un des autres composants contenus dans TYSABRI ( voir les composants en rubrique 6 ) .,1
"• Si vous avez des perturbations graves du système immunitaire ( dues à une maladie , telle que leucémie ou infection à VIH , ou dues à un médicament que vous prenez ou avez pris ) .",1
• Si vous avez un cancer ( sauf s ’ il s ’ agit d ’ un cancer de la peau de type baso - cellulaire ) .,1
• Si vous êtes âgé ( e ) de moins de 18 ans .,1
Faites attention avec TYSABRI Des cas d ’ infection cérébrale rare appelée LEMP ( leucoencéphalopathie multifocale progressive ) ont été rapportés chez des patients traités par TYSABRI .,1
Cette leucoencéphalopathie entraîne généralement un handicap sévère ou le décès .,1
"Par conséquent , si vous pensez que votre SEP s ’ aggrave ou si vous remarquez de nouveaux symptômes , il est très important d ’ en parler à votre médecin dès que possible .",1
Discutez de votre traitement avec votre conjoint ou avec le personnel soignant .,1
"Ils pourraient voir de nouveaux symptômes que vous n ’ avez pas remarqués vous - même , tels que des changements d ’ humeur ou de comportement , des trous de mémoire , des difficultés d ’ élocution ou de communication , que votre médecin devra évaluer afin d ’ éliminer une LEMP éventuelle .",1
Vous trouverez également ces informations sur la carte patient qui vous a été remise par votre médecin .,1
Il est important de conserver cette carte et de la montrer à votre conjoint ou au personnel soignant .,1
Des infections graves peuvent survenir sous TYSABRI .,1
"En cas d ’ infection ou si vous développez des symptômes tels qu ’ une fièvre inexpliquée , une diarrhée sévère , des vertiges / céphalées / raideur de la nuque prolongés , une perte de poids ou une lassitude , ou d ’ autres symptômes potentiellement associés à une infection pendant votre traitement par TYSABRI , vous devez en parler à votre médecin dès que possible et lui montrer la carte patient , ainsi que cette notice .",1
Il est important que vous conserviez cette carte .,0
"Grossesse et allaitement Vous ne devez pas utiliser TYSABRI si vous êtes enceinte , sauf si vous en avez discuté au préalable avec votre médecin .",1
"Veillez à informer immédiatement votre médecin de toute grossesse en cours , suspectée ou envisagée .",1
Vous ne devez pas allaiter pendant le traitement par TYSABRI .,1
Vous devrez discuter avec votre médecin du choix d ’ allaiter ou d ’ être traitée par TYSABRI .,1
Demandez conseil à votre médecin ou à votre pharmacien avant de prendre tout autre médicament .,1
Conduite de véhicules et utilisation de machines TYSABRI ne devrait pas avoir d ’ effet sur l ’ aptitude à conduire des véhicules et à utiliser des machines .,1
"Si vous êtes concerné ( e ) , discutez - en avec votre médecin .",1
COMMENT UTILISER TYSABRI,1
TYSABRI sera préparé et administré par un médecin .,1
Les instructions relatives à la préparation et l ’ administration de TYSABRI sont fournies à la fin de cette notice à l ’ attention des professionnels de santé .,1
TYSABRI doit être dilué avant son administration .,1
Quelques patients ont présenté une réaction allergique à TYSABRI .,1
Votre médecin vérifiera l ’ absence de réactions allergiques pendant la perfusion et dans l ’ heure qui suit la fin de la perfusion .,1
"Il est très important de ne pas interrompre le traitement par TYSABRI , en particulier dans les tout premiers mois du traitement .",1
"En effet , les patients ayant reçu une ou deux perfusions de TYSABRI suivies d ’ une période d ’ arrêt de traitement de trois mois ou plus sont plus à risque de présenter une réaction allergique lors de la reprise du traitement .",1
"27 Signes d ’ allergie à TYSABRI , pendant ou peu après la perfusion : • Éruption et démangeaisons ( urticaire ) • œ dème du visage , des lèvres ou de la langue • Difficultés respiratoires • Douleur ou gêne thoracique • Augmentation ou diminution de la tension artérielle ( constatée par votre médecin ou votre infirmière lors de la mesure de votre tension artérielle ) .",1
Signes évocateurs d ’ éventuels troubles hépatiques : • Jaunisse ( coloration jaune de la peau ou du blanc des yeux ) • Urines anormalement foncées .,1
TYSABRI peut également avoir d ’ autres effets indésirables .,1
Ces effets indésirables sont listés ci - dessous par ordre de fréquence d ’ apparition au cours des études cliniques :,1
Effets indésirables fréquents pouvant survenir chez moins de 10 patients sur 100 : • Infection urinaire • Mal de gorge et écoulement nasal ou nez bouché • Frissons • Éruption et démangeaisons ( urticaire ) • Maux de tête • Sensations vertigineuses • Nausées • Vomissements • Douleurs articulaires • Fièvre • Fatigue .,1
Effets indésirables peu fréquents pouvant survenir chez moins de 1 patient sur 100 : • Allergie sévère ( hypersensibilité ) .,1
"Les symptômes de LEMP peuvent être comparables à une poussée de SEP . • Par conséquent , si vous pensez que votre SEP s ’ aggrave ou si vous remarquez de nouveaux symptômes , vous devez en parler à votre médecin dès que possible . • Discutez de votre traitement avec votre conjoint ou le personnel soignant .",1
"Ils pourraient voir de nouveaux symptômes que vous - même n ’ avez pas remarqués , tels que des changements d ’ humeur ou de comportement , des trous de mémoire , des difficultés d ’ élocution ou de communication , que votre médecin devra évaluer afin d ’ éliminer une LEMP éventuelle . • Montrez la carte d ’ alerte patient ainsi que cette notice à tout médecin que vous pourriez consulter , et non pas seulement à votre neurologue .",1
• Parlez à votre médecin dès que possible si vous pensez avoir une infection . • Montrez la carte patient ainsi que cette notice à tout médecin impliqué dans votre traitement et pas uniquement à votre neurologue .,1
TYSABRI sera - t - il toujours efficace ?,1
"Chez certains patients recevant TYSABRI , les défenses naturelles de l ’ organisme finissent par empêcher TYSABRI d ’ agir correctement ( car l ’ organisme produit des anticorps dirigés contre TYSABRI ) .",1
"Votre médecin pourra vérifier si c ’ est le cas en dosant ces anticorps dans votre sang et arrêtera le traitement par TYSABRI , si nécessaire .",1
COMMENT CONSERVER TYSABRI,1
Ne pas utiliser TYSABRI après la date de péremption mentionnée sur l ’ étiquette et la boîte .,1
Ne pas utiliser TYSABRI si vous remarquez la présence de particules dans le liquide et / ou une coloration du liquide dans le flacon .,1
Que contient TYSABRI Chaque flacon de 15 ml de solution à diluer pour perfusion contient 300 mg de natalizumab ( 20 mg / ml ) .,1
"Phosphate de sodium , monobasique , monohydraté Phosphate de sodium , dibasique , heptahydraté Chlorure de sodium Polysorbate 80 ( E433 ) Eau pour préparation injectable .",1
Chaque boîte contient un flacon en verre .,1
Titulaire de l ’ autorisation de mise sur le marché Elan Pharma International Ltd .,0
Fabricant Biogen Idec B . V .,0
Ces informations sont fournies à la fin de la notice,1
België / Belgique / Belgien Biogen Idec Belgium N . V . / S . A .,1
Luxembourg / Luxemburg Biogen Idec Belgium N . V . / SA .,1
Magyarország Gedeon Richter Plc .,1
Č eská republika Biogen Idec ( Czech Republic ) s . r . o .,0
Malta Interpharma Co .,0
Danmark Biogen Idec Denmark A / S Tlf : + 45 77 41 57 88,0
Nederland Biogen Idec International B . V .,0
Deutschland Biogen Idec GmbH Tel : + 49 ( 0 ) 89 99 6170,0
Norge Biogen Idec Norway AS Tlf : + 47 23 00 52 50,0
Eesti Richter Gedeon Eesti filiaal Tel : + 372 742 0200,1
Österreich Biogen Idec Austria GmbH Tel : + 43 1 484 46 13,0
Polska Gedeon Richter Plc .,1
Przedstawicielstwo w Polsce Tel . : + 48 22 642 67 39,0
30 España Biogen Idec Iberia SL Tel : + 34 91 310 7110,0
"Portugal Biogen Idec Portugal Sociedade Farmacêutica Unipessoal , Lda Tel : + 351 21 318 8450",1
România MEDISON PHARMA SRL Tel : + 40 31 7104035,0
Ireland Biogen Idec ( Ireland ) Ltd .,0
Slovenija Biogen Idec d . o . o .,0
Slovenská republika Biogen Idec ( Slovak Republic ) s . r . o Tel : + 421 2 324 101 88,0
Italia Biogen - Dompé s . r . l .,0
Suomi / Finland Biogen Idec Finland Oy Puh / Tel : + 358 207 401 200,0
Κ ύ π ρ ο ς Genesis Pharma Cyprus Ltd Τ η λ : + 3572 2 769946,0
Sverige Biogen Idec Sweden AB Tel : + 46 8 594 113 60,0
Latvija Gedeon Richter Plc .,1
United Kingdom Biogen Idec Limited Tel : + 44 ( 0 ) 1628 50 1000,0
Lietuva Gedeon Richter Plc .,1
Inspectez visuellement le produit dilué pour vérifier l ’ absence de particules ou de coloration avant l ’ administration .,1
"Si le produit dilué est conservé à une température de 2 à 8 ° C ( ne pas congeler ) , laissez la solution se réchauffer à température ambiante avant la perfusion .",1
